0,0,0
0.000231498802766051,0,0
0.000462997605532102,0,0
0.000694496408298153,0,0
0.00191117621105213,0,0
0.00312785601380611,0,0
0.00434453581656008,0,0
0.00556121561931406,0,0
0.00799886070995996,0,0
0.0104365058006059,0,0
0.0128741508912518,0,0
0.0153117959818977,0,0
0.0177494410725436,0,0
0.020485498871787,0,0
0.0232215566710304,0,0
0.0259576144702738,0,0
0.0286936722695172,0,0
0.0314297300687606,0,0
0.0360324233946285,0,0
0.0406351167204964,0,0
0.0452378100463643,0,0
0.05,0,0
0.0547621899536357,0,0
0.0595243799072715,0,0
0.0642865698609073,0,0
0.069048759814543,0,0
0.0882463459653745,0,0
0.0917724421757622,0,0
0.0952985383861498,0,0
0.0988246345965374,0,0
0.0991772442175762,0,0
0.099529853838615,0,0
0.0998824634596537,0,0
0.0998942171136884,0,0
0.099905970767723,0,0
0.0999177244217576,0,0
0.0999294780757922,0,0
0.099936530268213,0,0
0.0999435824606338,0,0
0.0999506346530546,0,0
0.0999576868454753,0,0
0.0999619181609278,0,0
0.0999661494763803,0,0
0.0999703807918327,0,0
0.0999746121072852,0,0
0.0999771508965567,0,0
0.0999796896858282,0,0
0.0999822284750996,0,0
0.0999847672643711,0,0
0.099986290537934,0,0
0.0999878138114969,0,0
0.0999893370850598,0,0
0.0999908603586226,0,0
0.0999917743227604,0,0
0.0999926882868981,0,0
0.0999936022510358,0,0
0.0999945162151736,0,0
0.0999950645936562,0,0
0.0999956129721389,0,0
0.0999961613506215,0,0
0.0999967097291041,0,0
0.0999970387561937,0,0
0.0999973677832833,0,0
0.0999976968103729,0,0
0.0999980258374625,0,0
0.0999982232537162,0,0
0.09999842066997,0,0
0.0999986180862237,0,0
0.0999988155024775,0,0
0.0999989494000539,0,0
0.0999990832976304,0,0
0.0999992171952068,0,0
0.0999993510927832,0,0
0.0999994407386284,0,0
0.0999995303844735,0,0
0.0999996200303187,0,0
0.0999997096761638,0,0
0.0999997621156082,0,0
0.0999998145550526,0,0
0.0999998669944969,0,0
0.0999999194339413,0,0
0.0999999417440229,0,0
0.0999999640541046,0,0
0.0999999863641863,0,0
0.0999999931904978,0,0
0.0999999974872687,0,0
0.1,5.09373835117803e-06,2.79470824627074e-11
0.100000002512731,1.27343436941282e-05,1.11788317799095e-10
0.100000005025463,2.11390062956482e-05,2.6689457605501e-10
0.100000007538194,2.96710083886807e-05,4.98855240379863e-10
0.10000001718904,6.23029056612981e-05,2.48447874976135e-09
0.100000026839886,9.49132648888756e-05,5.60751424557388e-09
0.100000036490731,0.000127520211292517,9.87452652099807e-09
0.100000132999189,0.000453579312952101,1.50968137682502e-07
0.100000229507647,0.000779631762544415,4.04062992564276e-07
0.100000326016105,0.00110567813933294,7.7127701494916e-07
0.100001291100683,0.00436582581597909,1.05271251835294e-05
0.100002256185261,0.00762538161474623,3.16200514021622e-05
0.100003221269839,0.0108843424997119,6.41270831095877e-05
0.100004186354417,0.0141427072145872,0.000108073669632834
0.100009144875837,0.0308744989488954,0.000514222796651234
0.100014103397257,0.0475905474369239,0.00122213463874456
0.100019061918678,0.064290854426554,0.0022315419126923
0.100024020440098,0.0809754222947313,0.00354215922677842
0.100047627541258,0.160193475008568,0.0139038299402974
0.100071234642418,0.239055102396752,0.031055576149407
0.100094841743579,0.317560575975614,0.0549665385439159
0.100118448844739,0.395710171922295,0.0856059203270532
0.100142055945899,0.473504170857227,0.122942981574023
0.100344270676213,1.12535046923207,0.712753264970887
0.100546485406528,1.75132282394412,1.77254551220931
0.100748700136842,2.35163668180526,3.28324651614708
0.100950914867157,2.92653122645651,5.2259586456322
0.101153129597471,3.47626796889684,7.58197649455818
0.10164317054906,4.70588475601229,14.8932370029236
0.102133211500649,5.79391192625755,24.2658704127512
0.102623252452239,6.74539146962754,35.450688462276
0.103113293403828,7.56585231172669,48.2080883324245
0.103603334355417,8.26123221445977,62.3088703702677
0.104093375307006,8.8378080217416,77.5348704961545
0.105315232625064,9.80123165876632,119.080206698213
0.106537089943121,10.1731330322519,163.49381897748
0.107758947261179,10.0614904216952,208.383967191584
0.108980804579236,9.57162861902004,251.838822618968
0.110202661897294,8.80244170789161,292.403473368293
0.111424519215351,7.84361547479442,329.04364815395
0.112646376533409,6.7737870804746,361.100591311754
0.114688726685063,4.91494413920373,403.658747290708
0.116731076836718,3.16327949803612,432.599451507878
0.118773426988373,1.66499441236855,449.355613253731
0.120815777140028,0.492188779180168,456.149517435109
0.122858127291683,-0.339400686433913,455.500708094682
0.124900477443337,-0.853889759069646,449.879482694718
0.126942827594992,-1.10050803423486,441.47653072072
0.129810814638485,-1.11361074474565,428.3218053468
0.132678801681978,-0.891500137466589,416.476872745469
0.135546788725471,-0.575309480929173,407.568903621966
0.138414775768963,-0.262452645271789,401.980795269783
0.141282762812456,-0.00857948677478161,399.349861096016
0.144150749855949,0.163972543448475,398.942605165526
0.147018736899442,0.256647588833542,399.915525657541
0.15,0.285504027171665,401.57033122052
0.152981263100558,0.269659198764248,403.264084945552
0.155962526201116,0.231961665803494,404.642363197899
0.158943789301674,0.189347977348101,405.575193856952
0.161925052402232,0.152109522380168,406.075391416258
0.16490631550279,0.125113524131958,406.229318510332
0.167887578603348,0.109346879239797,406.151881149135
0.172999810787434,0.102843779215015,405.810187161556
0.17811204297152,0.10926702396141,405.514995095082
0.183224275155605,0.116819921224581,405.37110447214
0.188336507339691,0.12159891338507,405.321999484814
0.193448739523776,0.124489840883263,405.309455916371
0.198560971707862,0.126260810499733,405.32551993777
0.2,0.126298727945225,405.340187337659
0.201439028292138,0.12615287806679,405.35523167089
0.202878056584276,0.125904900676609,405.368259155138
0.204317084876414,0.125604998792132,405.37924985849
0.205756113168552,0.125272190252133,405.388868434826
0.207195141460691,0.124920551585749,405.397118531806
0.208634169752829,0.124572758727452,405.403550435467
0.214466750381224,0.123297836708829,405.419797869474
0.220299331009619,0.122807181873301,405.414773392868
0.226131911638014,0.123108286836685,405.399954348001
0.231964492266409,0.123616978832747,405.391829792858
0.237797072894804,0.123808950030146,405.394729499668
0.243629653523199,0.123650006976807,405.40076670686
0.25,0.123437140764349,405.402923315266
0.256370346476801,0.123401865940649,405.400392209513
0.262740692953603,0.123512708304838,405.397434289438
0.269111039430404,0.123618423429723,405.396887473568
0.275481385907205,0.123631578219317,405.398269736429
0.285923341304857,0.12357605399507,405.399671816257
0.296365296702509,0.123534041535921,405.399671135437
0.298805585078861,0.123531795708897,405.399466875333
0.3,0.133281909529371,403.530627455979
0.301194414921139,0.160397038046262,400.800311857152
0.302388829842278,0.205907047581381,397.94708959271
0.303583244763417,0.266419392073757,395.278499531447
0.305645900710439,0.389566968908488,391.387509802526
0.30770855665746,0.521172218941368,388.454875503228
0.309771212604482,0.64514231504252,386.479136247123
0.311833868551504,0.750888752853699,385.363802414599
0.314895478026699,0.865000104134294,384.972801860283
0.317957087501894,0.924788332354497,385.580252811447
0.321018696977089,0.940104507226149,386.617712715178
0.324080306452284,0.927322593523631,387.656265232364
0.327141915927479,0.90222145129126,388.458978224255
0.332663633982892,0.854894672578292,389.220988439386
0.338185352038304,0.831314076063779,389.189066626951
0.343707070093717,0.832245753294085,388.852217480301
0.34922878814913,0.842760826153963,388.622213497597
0.35,0.843974495924545,388.617483669871
0.35077121185087,0.844922696891415,388.615729252629
0.351542423701741,0.845699444792437,388.615953924187
0.352313635552611,0.846364342637881,388.617983119059
0.353084847403482,0.846931296599165,388.62172759938
0.360796965912185,0.848919140723728,388.683651100691
0.368509084420889,0.847049478057198,388.747443550831
0.376221202929593,0.84502986480481,388.76788973965
0.383933321438296,0.844357125624623,388.755212420986
0.4,0.84500037244593,388.734727195429
0.416066678561704,0.845325069128528,388.731240424187
0.432133357123408,0.845345602191452,388.731417878768
0.45,0.845312687788504,388.730461368501
0.467866642876592,0.845300858887369,388.728705053133
0.485733285753185,0.845300694736998,388.726845956937
0.488087487934174,0.845300928396308,388.726601107266
0.490441690115164,0.84530119726701,388.726358753402
0.492795892296153,0.84530143512178,388.726119037052
0.494333607605026,0.845301566049442,388.725963570386
0.495871322913899,0.845301669170372,388.725808986636
0.497409038222772,0.845301743531438,388.725655113357
0.498211402237286,0.845301773452282,388.725575015622
0.4990137662518,0.845301795602454,388.72549506245
0.499816130266314,0.845301810444597,388.725415228375
0.5,0.844278988886076,389.545540606616
0.500183869733686,0.84194957636375,390.492227017081
0.500367739467372,0.838286634671227,391.45643760617
0.501121788914626,0.805880813013734,395.344096849335
0.50187583836188,0.756895516635668,399.105273526354
0.502629887809133,0.69404601502923,402.698626656693
0.504149978391132,0.540566377214831,409.389277092921
0.505670068973131,0.360017644989305,415.180482339249
0.50719015955513,0.167577744890481,419.950912506445
0.508710250137129,-0.0229226673326308,423.664848408637
0.511645547920215,-0.351809714263009,428.059585114847
0.514580845703301,-0.590373822064562,429.366814990762
0.517516143486386,-0.726726367685264,428.607836004362
0.520451441269472,-0.776534519762992,426.836976376483
0.523386739052558,-0.767752758198727,424.874501445566
0.527362082581778,-0.710045685531796,422.680297066547
0.531337426110998,-0.644548353244781,421.469913270766
0.535312769640218,-0.598554763766678,421.148998457521
0.539288113169438,-0.578205350231828,421.347176548574
0.543263456698658,-0.576862454270728,421.700468735067
0.548756212303103,-0.585521890845488,422.061205387299
0.55,-0.588593910567136,422.116487258082
0.551243787696897,-0.591313727507294,422.155380234406
0.552487575393795,-0.593702425146246,422.181452672766
0.553731363090692,-0.595763364635905,422.197143615001
0.562885296072603,-0.603158355002725,422.184716420708
0.572039229054514,-0.601496105046739,422.076969332523
0.581193162036425,-0.598110695636626,422.026621884159
0.590347095018336,-0.596778523431258,422.041045356998
0.6,-0.597441978762427,422.066271867356
0.609652904981664,-0.598048555089257,422.075001737949
0.619305809963328,-0.598264840920845,422.074746829755
0.65,-0.598232829060132,422.072556484726
0.680694190036672,-0.598198593071055,422.073354969397
0.682624771033004,-0.598197151599337,422.073442927803
0.684555352029337,-0.598196448395765,422.07354076987
0.68648593302567,-0.598196330600772,422.073640672819
0.687837339723103,-0.598196485142867,422.073710100899
0.689188746420536,-0.598196801804329,422.073778050136
0.690540153117969,-0.598197225565522,422.073843926472
0.691486137806172,-0.598197559949546,422.073888802205
0.692432122494375,-0.598197914949742,422.073932414765
0.693378107182578,-0.598198278086147,422.073974737682
0.694040296464321,-0.598198532438035,422.074003687593
0.694702485746063,-0.598198783506022,422.074032003825
0.695364675027805,-0.598199028555836,422.074059705624
0.695828207525025,-0.598199196028675,422.074078783058
0.696291740022244,-0.598199358867045,422.074097571542
0.696755272519464,-0.598199516477226,422.074116082523
0.697079745267517,-0.598199623862485,422.074128898985
0.697404218015571,-0.598199728275321,422.074141585503
0.697728690763624,-0.598199829591124,422.074154146961
0.697955821687262,-0.598199898844505,422.074162876153
0.6981829526109,-0.598199966472761,422.074171546365
0.698410083534537,-0.598200032452963,422.074180159514
0.698569075181083,-0.598200077766077,422.074186159465
0.69872806682763,-0.598200122240747,422.074192132245
0.698887058474176,-0.598200165874792,422.074198078593
0.698998352626758,-0.598200195976491,422.074202227427
0.699109646779341,-0.598200225656404,422.074206363561
0.699220940931923,-0.598200254915686,422.074210487283
0.699304444470107,-0.598200276618994,422.074213574033
0.699387948008291,-0.598200298081913,422.074216653905
0.699471451546475,-0.598200319305234,422.074219727021
0.69953878328157,-0.598200336256437,422.074222200467
0.699606115016664,-0.598200353050282,422.07422466958
0.699673446751759,-0.598200369687189,422.074227134421
0.699725483218492,-0.598200382446685,422.074229036695
0.699777519685226,-0.59820039511153,422.074230936439
0.699829556151959,-0.598200407682158,422.074232833687
0.699866668768486,-0.598200416596645,422.074234185471
0.699903781385014,-0.598200425462687,422.074235535988
0.699940894001541,-0.598200434280643,422.074236885255
0.699962551089533,-0.598200439408179,422.07423767215
0.699984208177525,-0.59820044451906,422.074238458616
0.699995363356995,-0.598200447146579,422.074238863582
0.7,-0.611410353032946,422.074050933243
0.700004636643005,-0.626671144007089,422.073616336591
0.70000927328601,-0.642240430517713,422.072921538532
0.700048807222068,-0.774550856472476,422.050588067096
0.700088341158127,-0.905942945681922,422.009742006413
0.700127875094186,-1.03634318823148,421.950176113208
0.700393292075332,-1.88717357917043,421.102622189925
0.700658709056478,-2.69392203873505,419.468845636107
0.700924126037624,-3.45661649079213,417.081037583459
0.70118954301877,-4.1756980878158,413.978648367809
0.70209837453923,-6.32181323405936,398.733873753999
0.703007206059689,-7.99826866579624,377.219402868087
0.703916037580149,-9.24062071987248,350.879392234015
0.704824869100609,-10.0891912296551,321.087665960813
0.706155284723725,-10.7060665143955,273.631390491939
0.707485700346842,-10.705580316835,224.663418303294
0.708816115969958,-10.2289515291934,176.948180704839
0.710146531593074,-9.40875355810552,132.513334622382
0.711476947216191,-8.3630875780839,92.7255086382053
0.713277853869959,-6.7621923138244,47.5609662956473
0.715078760523728,-5.13170750663864,13.1770904894444
0.716879667177496,-3.61749994512022,-10.7154411043167
0.718680573831265,-2.31157495726095,-25.2373219612759
0.720481480485033,-1.2606919670691,-31.9700400991244
0.722542991721176,-0.386317629539306,-32.3646716003523
0.724604502957319,0.16199937380539,-27.4527077778924
0.726666014193462,0.436172862740541,-19.5289414179059
0.728727525429605,0.498976559184062,-10.4212986135693
0.730789036665748,0.413487342931231,-1.46618244290349
0.732850547901891,0.237192442974985,6.45347286662844
0.735662458701261,-0.0646876955243464,14.7334981452131
0.738474369500632,-0.357713749534486,19.8720934328354
0.741286280300002,-0.591524920078389,22.2733258373589
0.744098191099372,-0.749043933028656,22.6773583487024
0.746910101898743,-0.83488854866043,21.8658885264856
0.75,-0.864520267959973,20.3477964897062
0.753089898101257,-0.850723755602203,18.7791466240369
0.756179796202514,-0.816173004312932,17.5146514187161
0.759269694303771,-0.77757643082053,16.681678321462
0.762359592405028,-0.744875726873739,16.2574133139427
0.765449490506285,-0.722228596556669,16.1437833067317
0.770674445643418,-0.707593996663775,16.3626292851677
0.77589940078055,-0.710905788402531,16.6654855278992
0.781124355917682,-0.717501737276862,16.8134490912589
0.786349311054815,-0.72049427970428,16.8295707934268
0.791574266191947,-0.720689557739485,16.8206522513508
0.79679922132908,-0.720934568971914,16.8349032745182
0.8,-0.721609660163386,16.847215440202
0.803200778670921,-0.722217545640607,16.8486079287861
0.806401557341841,-0.722482104418146,16.8414608526322
0.809602336012762,-0.722413252261278,16.8319534734469
0.812803114683682,-0.722174475778529,16.8244872518087
0.827747561257162,-0.721533241403933,16.8143268453251
0.842692007830641,-0.72147346561765,16.822675586475
0.85,-0.721634223848528,16.8270968034774
0.857307992169359,-0.721755989209716,16.8281403552021
0.864615984338717,-0.72178054515752,16.827304691811
0.871923976508076,-0.721744645831748,16.8264442186098
0.877774903813389,-0.72171476168808,16.8264924456279
0.883625831118701,-0.721700649577257,16.8269070546333
0.889476758424014,-0.721697949551001,16.827424543594
0.892258701372711,-0.721698608310794,16.8276719587145
0.895040644321408,-0.721700118796794,16.8279060725007
0.897822587270105,-0.72170185635526,16.8281227009144
0.898850076054597,-0.721702501176306,16.8281995940428
0.899877564839088,-0.721703122835911,16.8282739674277
0.9,-0.721474174276312,16.555102294447
0.900122435160912,-0.720949964411726,16.2395154535829
0.900244870321825,-0.72012096523372,15.9176554259139
0.901322289580496,-0.695903670374441,13.1596069004457
0.902399708839168,-0.656287615848319,10.5468728348546
0.90347712809784,-0.605069868613798,8.12873226421295
0.905452737158055,-0.495252426832011,4.21911779424609
0.90742834621827,-0.374172619820556,1.1070437209624
0.909403955278485,-0.254993686624919,-1.15648993691598
0.9113795643387,-0.148059383458479,-2.61230571054611
0.914890326607018,-0.0036521776071114,-3.55817593709592
0.918401088875337,0.0718883394743352,-3.05690856990316
0.921911851143655,0.0893958624941982,-1.93271284613875
0.925422613411974,0.0721727625337085,-0.819419963799128
0.928933375680293,0.0428902551327616,-0.0418094995322161
0.934536478381893,0.00106094807396678,0.483934178117566
0.940139581083492,-0.0147019834294718,0.333405107859378
0.945742683785092,-0.00957792969207341,0.011931065480896
0.95,-0.00159358257243029,-0.109819712110077
0.954257316214908,0.00295743675497497,-0.106584928892009
0.958514632429815,0.00340366986287026,-0.0473389328497931
0.962771948644723,0.00177840414527045,0.00434788739049313
0.967029264859631,0.000134378698053899,0.0242984523922145
0.977329156266452,-0.00202677170273553,0.0116853104984541
0.987629047673273,-0.000121545225602662,-0.0328954938720093
0.997928939080094,0.00154272176508628,-0.0276070893410588
1,0.00141517690165353,-0.0165552441280101
1.00207106091991,0.00111927518111685,-0.00651521109768923
1.00414212183981,0.000773033770471689,0.000921061362169373
1.00621318275972,0.000457468159796662,0.00558436528771702
1.00828424367962,0.000204362260210464,0.0079749313484517
1.02280809339272,-0.000473913561672557,0.00756782513630859
1.03733194310582,-0.000123071010947871,-0.00297794116613944
1.05,0.000137919968130659,-0.00380749663313103
1.06266805689418,0.000102465653315953,-0.00040823226658906
1.07533611378835,-5.08261365160428e-06,0.00122345223375747
1.08800417068253,-3.75754155961527e-05,0.000654486563739822
1.08920375361427,-3.54455476875356e-05,0.000514917327292476
1.09040333654602,-3.19980619270352e-05,0.000374827715652176
1.09160291947777,-2.80644180718874e-05,0.000249289191964126
1.09244262752999,-2.51898022727332e-05,0.000170477322372856
1.09328233558221,-2.22839437961873e-05,0.0001006291162107
1.09412204363444,-1.94088506979983e-05,3.96424361706317e-05
1.09470983927099,-1.7432253568966e-05,1.50918341867049e-06
1.09529763490755,-1.55064237244142e-05,-3.2417517433596e-05
1.09588543054411,-1.36440931280288e-05,-6.23092886428879e-05
1.0962968874897,-1.23779222992588e-05,-8.11853811811086e-05
1.09670834443529,-1.11510045330862e-05,-9.81848442505607e-05
1.09711980138087,-9.96593425383597e-06,-0.000113388025048496
1.09740782124279,-9.15919061842544e-06,-0.000123117746837304
1.0976958411047,-8.37492519224679e-06,-0.000132008916324302
1.09798386096661,-7.61361433794517e-06,-0.000140093599979212
1.09818547486995,-7.09289888381436e-06,-0.000145341345783297
1.09838708877329,-6.58395115585824e-06,-0.000150208803952537
1.09858870267663,-6.08682658733168e-06,-0.000154708242323608
1.09872983240897,-5.74506280226843e-06,-0.000157669114730894
1.0988709621413,-5.40924532932796e-06,-0.000160454606391677
1.09901209187364,-5.07936040691324e-06,-0.000163069395860181
1.09911088268628,-4.85155032680678e-06,-0.00016481181735463
1.09920967349891,-4.62669828485631e-06,-0.000166472139896483
1.09930846431155,-4.40478788582597e-06,-0.000168052173883128
1.09938860726335,-4.22677348281167e-06,-0.000169279885203927
1.09946875021516,-4.05071260453474e-06,-0.000170455734063616
1.09954889316696,-3.876599449814e-06,-0.000171580548887599
1.09961231047105,-3.7400936575168e-06,-0.000172437676630532
1.09967572777513,-3.60481776989087e-06,-0.000173263266845762
1.09973914507921,-3.47076636722808e-06,-0.000174057778937324
1.09978660543979,-3.37116633639826e-06,-0.000174634203804788
1.09983406580037,-3.27225814652091e-06,-0.000175193350518519
1.09988152616095,-3.17403739002565e-06,-0.000175735459822117
1.09991313575859,-3.10894883839054e-06,-0.000176088415644562
1.09994474535622,-3.04416877974275e-06,-0.000176433808170928
1.09997635495386,-2.97969415725557e-06,-0.000176771751118129
1.09999036699252,-2.95118526821322e-06,-0.00017691981165868
1.1,-0.0274250754085228,-0.000988250033355711
1.10000963300748,-0.0590786302745247,-0.0028626262961449
1.10001926601497,-0.0913418764603551,-0.00585738845470607
1.10007920168121,-0.290703469256324,-0.0622709904537949
1.10013913734745,-0.487883887929414,-0.160871151017949
1.10019907301369,-0.682762680063373,-0.301919711360725
1.10054624594689,-1.7687934469504,-1.87588319350701
1.10089341888009,-2.77959818854911,-4.74606807877969
1.10124059181329,-3.71558182096089,-8.83833059314484
1.10158776474648,-4.5779931445662,-14.0645559098367
1.10249719159635,-6.50619830446035,-32.2566853903699
1.10340661844622,-7.97871059676539,-56.0339657051591
1.10431604529608,-9.03416193024009,-83.9920219605181
1.10522547214595,-9.71508625334316,-114.815432246897
1.10661346861864,-10.1274985420676,-164.940757772448
1.10800146509132,-9.92499335504257,-215.600325204
1.10938946156401,-9.26536769751768,-263.965881221004
1.11077745803669,-8.29309314179702,-308.053867775251
1.11216545450938,-7.13349660406902,-346.618389108602
1.11394810431534,-5.53120671561818,-387.130336007788
1.11573075412131,-3.9609837424096,-417.181695724404
1.11751340392727,-2.54243789888851,-437.382833233861
1.11929605373324,-1.34660006826709,-449.000946577252
1.1210787035392,-0.404864232240954,-453.637258623527
1.12311828862661,0.358567287532654,-452.54531347292
1.12515787371402,0.819088209866976,-446.950392063832
1.12719745880143,1.03075116706651,-438.932939193441
1.12923704388883,1.05464800542639,-430.115302459195
1.13127662897624,0.950028318719285,-421.658321758199
1.13331621406365,0.769571743015657,-414.307387682564
1.13619014751033,0.467740639359859,-406.551213683683
1.13906408095701,0.185760641706129,-401.943408834484
1.1419380144037,-0.0310193473137963,-399.977929608372
1.14481194785038,-0.170402890105878,-399.861480121784
1.14768588129706,-0.240650827301849,-400.806164631215
1.15,-0.259228839410232,-401.896808281872
1.15231411870294,-0.253955108085992,-403.031908122026
1.15462823740588,-0.233756728603552,-404.055329054696
1.15694235610882,-0.206597444775856,-404.874125736301
1.15925647481176,-0.178644365078122,-405.454234106802
1.1615705935147,-0.153873712339941,-405.807544153209
1.16704399902132,-0.118574287669445,-405.92936539483
1.17251740452795,-0.112725895098991,-405.625836552205
1.17799081003457,-0.118582936048172,-405.409006807686
1.18346421554119,-0.122145609867759,-405.379518037193
1.18893762104782,-0.121397588828812,-405.40081515448
1.19441102655444,-0.120690066009943,-405.371088042706
1.2,-0.122097015371334,-405.321059458103
1.20558897344556,-0.124200147453738,-405.30041044327
1.21117794689112,-0.125143442635134,-405.317631285744
1.21676692033668,-0.124638962281937,-405.347290969829
1.22235589378224,-0.123627216912134,-405.36391229554
1.23635033966694,-0.122871996261538,-405.361557698084
1.25,-0.123275326404015,-405.345816152813
1.26364966033306,-0.123686739525378,-405.342573850174
1.27729932066612,-0.123696270565577,-405.347086405797
1.29094898099918,-0.123555716631426,-405.350010821607
1.29348868910518,-0.123531911362737,-405.350000123872
1.29602839721119,-0.123518014791416,-405.349794908986
1.2985681053172,-0.123512751654851,-405.349518932537
1.29938565367526,-0.123512089503485,-405.349424947237
1.3,-0.118208970387943,-406.709900531246
1.30061434632474,-0.106583234597947,-408.259956733484
1.30122869264947,-0.0891009462221824,-409.805737617785
1.30246199820152,-0.0376072097190508,-412.709180977266
1.30369530375356,0.0262267707068331,-415.336638106951
1.3049286093056,0.097465388332893,-417.648522344898
1.30707186564255,0.224707295614316,-420.736829630545
1.3092151219795,0.343112537272756,-422.896377078172
1.31135837831645,0.444536053503707,-424.240661268286
1.31432532080027,0.556236046085511,-425.181330335353
1.3172922632841,0.629832087243105,-425.23279495269
1.32025920576792,0.66716968405851,-424.712510411964
1.32322614825175,0.675856520907058,-423.940519848732
1.32814985470011,0.657532604421464,-422.77378284745
1.33307356114847,0.624202901509227,-422.025469913944
1.33799726759684,0.597385333776014,-421.777828862585
1.3429209740452,0.584742631036106,-421.874286066557
1.35,0.584848910694762,-422.163683086017
1.3570790259548,0.593476533206956,-422.377086987807
1.3641580519096,0.600200914800424,-422.42244163714
1.37123707786439,0.601879952402109,-422.365685345821
1.38720508572403,0.599417787360835,-422.276123213425
1.4,0.597017540869632,-422.268890614666
1.41279491427597,0.597276705038826,-422.297480914656
1.42558982855193,0.598174475791466,-422.311483453382
1.4383847428279,0.598444405665168,-422.30710586775
1.45,0.59826213287403,-422.302162927815
1.4616152571721,0.598143076054373,-422.30132468322
1.4732305143442,0.598116132544842,-422.302080139715
1.47720647815057,0.598116126035271,-422.302422708559
1.48118244195695,0.598119949869201,-422.302730551144
1.48515840576332,0.598124477888262,-422.302976767528
1.48765007386196,0.598127079105723,-422.303104834636
1.4901417419606,0.598129186094945,-422.303212432779
1.49263341005925,0.598130728859257,-422.303304814676
1.49422809783617,0.598131470415017,-422.303358707389
1.4958227856131,0.598131996703999,-422.303409130546
1.49741747339002,0.598132337296494,-422.303457272189
1.49821813661276,0.598132459590924,-422.303480945935
1.49901879983549,0.598132542836872,-422.30350431984
1.49981946305822,0.598132592115714,-422.303527508387
1.5,0.597146457359221,-421.498232001727
1.50018053694178,0.594899879518662,-420.568617108551
1.50036107388355,0.59136725072832,-419.62171232551
1.50113449395739,0.558072081501446,-415.635577788023
1.50190791403124,0.507497293876034,-411.783348478559
1.50268133410508,0.44261990068077,-408.108780891796
1.50421932665355,0.286956810683266,-401.370946598348
1.50575731920201,0.104891255038757,-395.552173614172
1.50729531175048,-0.0881660151693324,-390.771762267477
1.50883330429895,-0.278306773941726,-387.06095657367
1.51177483469911,-0.601361982851428,-382.716844719766
1.51471636509927,-0.834111294507779,-381.404219396331
1.51765789549943,-0.96638644813058,-382.107022665548
1.5205994258996,-1.01451497876829,-383.791061002452
1.52354095629976,-1.0062410312027,-385.66034554795
1.52761364114214,-0.949839520169371,-387.793178516067
1.53168632598452,-0.886734706249559,-388.944418535898
1.53575901082689,-0.843844828933882,-389.223230882667
1.53983169566927,-0.826261439249978,-389.01384336878
1.54390438051165,-0.826488883067297,-388.679438765394
1.54944224520137,-0.835211257977929,-388.365652370747
1.55,-0.83649164681035,-388.344500311968
1.55055775479863,-0.837643299037122,-388.327372390402
1.55111550959726,-0.838717872989219,-388.313025110557
1.5516732643959,-0.839734000002485,-388.300907735324
1.55725081238222,-0.846841961679884,-388.254769948867
1.56282836036855,-0.849014217893103,-388.300309939461
1.56840590835487,-0.848127659903678,-388.363120479954
1.57398345634119,-0.846289551994733,-388.402865423332
1.59406666429137,-0.844763261368499,-388.39648923816
1.6,-0.844807733684041,-388.3885650282
1.60593333570863,-0.844978770845457,-388.382846102235
1.61186667141725,-0.845119685277819,-388.380054630182
1.65,-0.845219448174165,-388.376848771524
1.68813332858275,-0.845197501792631,-388.373492954868
1.68931999572447,-0.845196873659068,-388.373385627133
1.6905066628662,-0.845196299404619,-388.373275876055
1.69169333000792,-0.845195784754307,-388.373163995381
1.69252399700713,-0.845195457239334,-388.373084672364
1.69335466400634,-0.845195161910226,-388.373004501154
1.69418533100555,-0.845194898513643,-388.37292358851
1.69476679790499,-0.845194730583459,-388.372866599777
1.69534826480444,-0.845194578028279,-388.372809315179
1.69592973170388,-0.845194440286706,-388.372751769745
1.69633675853349,-0.845194351394435,-388.372711363716
1.69674378536311,-0.84519426945993,-388.37267085131
1.69715081219272,-0.845194194206141,-388.3726302437
1.69743573097345,-0.845194144924635,-388.372601772441
1.69772064975417,-0.845194098783726,-388.372573261242
1.6980055685349,-0.845194055670324,-388.372544713696
1.69820501168141,-0.845194027036703,-388.372524712638
1.69840445482792,-0.845193999837931,-388.372504695882
1.69860389797443,-0.845193974030132,-388.372484664608
1.69874350817699,-0.845193956678354,-388.372470635523
1.69888311837955,-0.845193939991904,-388.372456599995
1.6990227285821,-0.845193923953868,-388.37244255842
1.69912045572389,-0.845193913061377,-388.372432726287
1.69921818286568,-0.845193902481451,-388.372422891405
1.69931591000747,-0.845193892207719,-388.37241305391
1.69939560380852,-0.845193884037976,-388.37240502997
1.69947529760957,-0.845193876068413,-388.372397004407
1.69955499141062,-0.845193868295998,-388.372388977287
1.69961796450196,-0.8451938622813,-388.372382633372
1.6996809375933,-0.845193856388307,-388.372376288537
1.69974391068464,-0.845193850615313,-388.372369942817
1.6997909249706,-0.84519384637521,-388.372365204739
1.69983793925656,-0.845193842201582,-388.372360466187
1.69988495354251,-0.84519383809354,-388.372355727178
1.69991609624536,-0.845193835403229,-388.3723525878
1.69994723894821,-0.845193832741751,-388.372349448226
1.69997838165106,-0.845193830108682,-388.372346308461
1.69999177771636,-0.845193828982384,-388.372344957846
1.7,-0.821782459590996,-388.371752975563
1.70000822228364,-0.794752606241567,-388.370386186263
1.70001644456727,-0.76719529203217,-388.368202605701
1.70007144622519,-0.58397732155511,-388.321797606737
1.7001264478831,-0.40260501095759,-388.239796618196
1.70018144954101,-0.223187001578739,-388.121938699871
1.70051119318836,0.813631723662816,-386.731183093351
1.7008409368357,1.78193854182408,-384.162151553893
1.70117068048305,2.682102701221,-380.478783355448
1.70150042413039,3.51523086162108,-375.757261386089
1.7024071211828,5.47825991038747,-358.277244125102
1.70331381823522,6.98364262902959,-335.118515783038
1.70422051528763,8.07019156493585,-307.685321821387
1.70512721234005,8.78055217188829,-277.294749265555
1.70650555435606,9.23417412357701,-227.85862754485
1.70788389637207,9.07312883307566,-177.682708832666
1.70926223838809,8.45302262455906,-129.5800407698
1.7106405804041,7.51626479101318,-85.5356901501826
1.71201892242011,6.38653091542984,-46.8115803131723
1.71379880196899,4.80397307437978,-5.64520232375704
1.71557868151787,3.24228460699767,25.1667443076623
1.71735856106675,1.82300384010292,46.1662744748894
1.71913844061563,0.619246996933463,58.5651141317662
1.72091832016451,-0.335530415569539,63.9223334814575
1.72296308296743,-1.1202097148229,63.5309200159442
1.72500784577035,-1.60134026635509,58.4659548886237
1.72705260857327,-1.83171542382024,50.8245077109996
1.72909737137619,-1.87173332784746,42.2507798887032
1.73114213417911,-1.78033174687275,33.9292398726954
1.73318689698203,-1.61015498207149,26.6289791049215
1.73604214019972,-1.32083650341211,18.8980675738519
1.7388973834174,-1.04592736699652,14.1920928768334
1.74175262663509,-0.83110686293498,12.0660184585658
1.74460786985278,-0.689931452490829,11.779258906461
1.74746311307046,-0.615803256257059,12.5792516683016
1.75,-0.593045388196952,13.6974235706141
1.75253688692954,-0.598240353304879,14.8801113287608
1.75507377385908,-0.619977354655503,15.9295598613168
1.75761066078862,-0.648563665016368,16.7391407790834
1.76014754771815,-0.676891160388705,17.2788278711893
1.76268443464769,-0.70071095336706,17.5733070466415
1.76804943175104,-0.728680848589817,17.5968667139935
1.77341442885438,-0.731900258918576,17.3145620089225
1.77877942595773,-0.726351538543841,17.1296110952695
1.78414442306107,-0.723174522232694,17.1014596608864
1.78950942016442,-0.723514906727628,17.1132981095377
1.79487441726777,-0.723823278011659,17.0872788138134
1.8,-0.722632722100344,17.0507031376285
1.80512558273224,-0.721079908394547,17.0375669793019
1.81025116546447,-0.720392430911464,17.0512076731714
1.8153767481967,-0.720724854772702,17.0734417053968
1.82050233092894,-0.721444417487648,17.0870609871443
1.83507166119013,-0.722128391549536,17.089179306116
1.85,-0.721857197154275,17.077284046941
1.86492833880987,-0.72152706565387,17.0749768057758
1.87985667761974,-0.721513947844295,17.079329176579
1.89478501642961,-0.721619948764776,17.0825651888895
1.89654395323157,-0.721633273705986,17.0826899280161
1.89830289003352,-0.721642969309257,17.0827221894547
1.8991984385369,-0.721646731836843,17.0827209175454
1.89980298924473,-0.721648763657271,17.0827144252004
1.9,-0.721063956898582,16.6433824889796
1.90019701075527,-0.719732698433241,16.1363621386551
1.90039402151054,-0.717642671793391,15.6201341131076
1.90149280930932,-0.689116620867534,12.832085056752
1.90259159710811,-0.645628949936469,10.2077041068041
1.90369038490689,-0.591201133212133,7.79501792445065
1.90566698021024,-0.479435019765351,3.99217067986971
1.90764357551358,-0.358965728112794,0.989411197436821
1.90962017081692,-0.242194361821684,-1.1754247130819
1.91159676612027,-0.138658449544762,-2.55264516969489
1.91509568117011,-0.0012494417733895,-3.41756425793475
1.91859459621996,0.0694541031969561,-2.91759391322577
1.9220935112698,0.0851303851668278,-1.84306403738791
1.92559242631965,0.0683860597400476,-0.789566071990201
1.9290913413695,0.0406542603445871,-0.0564317556344412
1.93469685156965,0.00126239900095583,0.442518032562123
1.9403023617698,-0.0135743716058106,0.305028634951936
1.94590787196995,-0.00889232527127204,0.00625919265508706
1.95,-0.00169573585000231,-0.102704344312976
1.95409212803005,0.00254988837456642,-0.102367196062247
1.95818425606009,0.00319357985324273,-0.0511307410872621
1.96227638409014,0.00190403440499366,-0.00343802979030569
1.96636851212019,0.000431840028627948,0.0184128313163506
1.97661606166419,-0.00190317958879,0.0154923046712532
1.9868636112082,-0.000407453999241863,-0.028888619852252
1.99711116075221,0.00131822312951557,-0.0316687985566738
2,0.00127668595902033,-0.018681222583859
2.00288883924779,0.000963023223467482,-0.00621948163429046
2.00577767849559,0.000559131255238432,0.00239122521908805
2.00866651774338,0.000210887134508154,0.00657641822820031
2.01155535699118,-2.11487257961949e-05,0.0074046984968356
2.02920927909002,-0.000378332194617539,0.00324118565989988
2.04686320118886,3.27392666439087e-06,-0.00441123566336582
2.05,9.02268419903851e-05,-0.00444083321875468
2.05313679881114,0.000127508899590929,-0.00341371170565212
2.05627359762227,0.000123776906266794,-0.00204514791761739
2.05941039643341,9.56711908442989e-05,-0.000806622292151007
2.09077838454478,-7.05335181629886e-06,0.000434713606470351
2.1,-9.96569247490137e-06,0.000207666276039953
2.10922161545522,-4.85206117183164e-06,3.45124530250845e-05
2.11844323091043,-1.06084490983661e-06,-2.23699017685246e-05
2.15,4.5510565385284e-07,-8.40551652905812e-06
2.18155676908957,6.31935769941419e-08,-9.83145447098896e-08
2.2,-5.01149241708022e-09,3.69429500910108e-07
2.21844323091043,-5.79865460376494e-09,1.12083700410079e-07
2.23688646182086,-1.2928929641724e-09,-1.29932949990621e-09
2.25,6.82457743417414e-11,-1.10017921985925e-08
2.26311353817914,1.94824609459399e-10,-4.61389787584002e-09
2.27622707635827,7.70406703338724e-11,-5.0781053091952e-10
2.3,-3.73431375852002e-12,3.73351433160339e-10
2.32377292364173,-5.32027220676137e-12,1.19831227517304e-10
2.34754584728345,-1.06411585294797e-12,2.50800270457996e-12
2.35,-6.55612533978091e-13,-4.31414089283292e-12
2.35245415271655,-3.25726301496796e-13,-7.81617394404923e-12
2.3549083054331,-8.55025322553654e-14,-8.98667532582068e-12
2.37944983259859,1.18949096683566e-13,-1.80758805331639e-12
2.4,2.01979542577854e-14,3.97958710110634e-13
2.42055016740141,-7.51350192694474e-15,2.63046281807753e-13
2.44110033480283,-3.45864115611194e-15,2.32610450277693e-14
2.45,-8.70946424291641e-16,-1.6616411178186e-14
2.45889966519717,2.26636727728254e-16,-1.65102320869818e-14
2.46779933039435,3.40540088674238e-16,-7.12693632834354e-15
2.5,2.88210830522446e-17,9.93509482365182e-16
